seqnames,start,end,width,strand,V4,V5,V6,V7,V8,V9,V10,annotation,geneChr,geneStart,geneEnd,geneLength,geneStrand,geneId,transcriptId,distanceToTSS,ENSEMBL,SYMBOL,GENENAME
chr1,12644696,12644916,221,*,2014_NAT_IMMUNOL_Kurachi___IgG-invitro-d3-CD8_peak_1,215,.,10.34599,26.62847,21.5883,104,Distal Intergenic,1,12667563,12673090,5528,1,329096,ENSMUST00000181272.1,-22647,ENSMUSG00000097171,Gm17644,"predicted gene, 17644"
chr1,24611531,24611970,440,*,2014_NAT_IMMUNOL_Kurachi___IgG-invitro-d3-CD8_peak_2,111,.,2.06202,16.09649,11.17007,180,"Exon (ENSMUST00000187714.1/ENSMUST00000187714.1, exon 1 of 1)",1,24263994,24587472,323479,2,12823,ENSMUST00000115244.8,-24059,ENSMUSG00000026141,Col19a1,"collagen, type XIX, alpha 1"
chr1,24612297,24612586,290,*,2014_NAT_IMMUNOL_Kurachi___IgG-invitro-d3-CD8_peak_3,178,.,2.31906,22.80216,17.80768,142,"Exon (ENSMUST00000187714.1/ENSMUST00000187714.1, exon 1 of 1)",1,24263994,24587472,323479,2,12823,ENSMUST00000115244.8,-24825,ENSMUSG00000026141,Col19a1,"collagen, type XIX, alpha 1"
chr1,24613161,24615490,2330,*,2014_NAT_IMMUNOL_Kurachi___IgG-invitro-d3-CD8_peak_4a,330,.,2.78586,38.30537,33.07835,173,"Exon (ENSMUST00000190277.1/ENSMUST00000190277.1, exon 1 of 1)",1,24263994,24587472,323479,2,12823,ENSMUST00000115244.8,-25689,ENSMUSG00000026141,Col19a1,"collagen, type XIX, alpha 1"
chr1,24613161,24615490,2330,*,2014_NAT_IMMUNOL_Kurachi___IgG-invitro-d3-CD8_peak_4b,277,.,2.63457,32.92644,27.79401,587,"Exon (ENSMUST00000190277.1/ENSMUST00000190277.1, exon 1 of 1)",1,24263994,24587472,323479,2,12823,ENSMUST00000115244.8,-25689,ENSMUSG00000026141,Col19a1,"collagen, type XIX, alpha 1"
chr1,24613161,24615490,2330,*,2014_NAT_IMMUNOL_Kurachi___IgG-invitro-d3-CD8_peak_4c,259,.,2.57626,31.08806,25.98453,752,"Exon (ENSMUST00000190277.1/ENSMUST00000190277.1, exon 1 of 1)",1,24263994,24587472,323479,2,12823,ENSMUST00000115244.8,-25689,ENSMUSG00000026141,Col19a1,"collagen, type XIX, alpha 1"
chr1,24613161,24615490,2330,*,2014_NAT_IMMUNOL_Kurachi___IgG-invitro-d3-CD8_peak_4d,213,.,2.43035,26.39385,21.35715,1149,"Exon (ENSMUST00000190277.1/ENSMUST00000190277.1, exon 1 of 1)",1,24263994,24587472,323479,2,12823,ENSMUST00000115244.8,-25689,ENSMUSG00000026141,Col19a1,"collagen, type XIX, alpha 1"
chr1,24613161,24615490,2330,*,2014_NAT_IMMUNOL_Kurachi___IgG-invitro-d3-CD8_peak_4e,227,.,2.47321,27.80553,22.74952,1323,"Exon (ENSMUST00000190277.1/ENSMUST00000190277.1, exon 1 of 1)",1,24263994,24587472,323479,2,12823,ENSMUST00000115244.8,-25689,ENSMUSG00000026141,Col19a1,"collagen, type XIX, alpha 1"
chr1,24613161,24615490,2330,*,2014_NAT_IMMUNOL_Kurachi___IgG-invitro-d3-CD8_peak_4f,225,.,2.46865,27.57611,22.52328,1914,"Exon (ENSMUST00000190277.1/ENSMUST00000190277.1, exon 1 of 1)",1,24263994,24587472,323479,2,12823,ENSMUST00000115244.8,-25689,ENSMUSG00000026141,Col19a1,"collagen, type XIX, alpha 1"
chr1,24613161,24615490,2330,*,2014_NAT_IMMUNOL_Kurachi___IgG-invitro-d3-CD8_peak_4g,185,.,2.34526,23.55501,18.55223,2172,"Exon (ENSMUST00000190277.1/ENSMUST00000190277.1, exon 1 of 1)",1,24263994,24587472,323479,2,12823,ENSMUST00000115244.8,-25689,ENSMUSG00000026141,Col19a1,"collagen, type XIX, alpha 1"
chr1,24615695,24616177,483,*,2014_NAT_IMMUNOL_Kurachi___IgG-invitro-d3-CD8_peak_5,221,.,2.45572,27.17654,22.12926,317,"Exon (ENSMUST00000187117.1/ENSMUST00000187117.1, exon 1 of 1)",1,24263994,24587472,323479,2,12823,ENSMUST00000115244.8,-28223,ENSMUSG00000026141,Col19a1,"collagen, type XIX, alpha 1"
chr1,44951145,44951375,231,*,2014_NAT_IMMUNOL_Kurachi___IgG-invitro-d3-CD8_peak_6,158,.,8.77842,20.87064,15.89641,120,Distal Intergenic,1,44739676,44744949,5274,2,75066,ENSMUST00000186732.1,-206196,ENSMUSG00000101701,4930521E06Rik,RIKEN cDNA 4930521E06 gene
chr1,192453962,192454210,249,*,2014_NAT_IMMUNOL_Kurachi___IgG-invitro-d3-CD8_peak_7,78,.,2.73037,12.69233,7.80406,143,"Intron (ENSMUST00000078470.11/16510, intron 10 of 10)",1,192434740,192510159,75420,1,16510,ENSMUST00000151152.2,19222,ENSMUSG00000058248,Kcnh1,"potassium voltage-gated channel, subfamily H (eag-related), member 1"
chr1,193227740,193227990,251,*,2014_NAT_IMMUNOL_Kurachi___IgG-invitro-d3-CD8_peak_8,27,.,2.0741,7.49938,2.71416,98,"Intron (ENSMUST00000194677.5/16780, intron 1 of 26)",1,193229454,193240410,10957,2,15483,ENSMUST00000161406.1,12420,ENSMUSG00000016194,Hsd11b1,hydroxysteroid 11-beta dehydrogenase 1
chr1,195371668,195372003,336,*,2014_NAT_IMMUNOL_Kurachi___IgG-invitro-d3-CD8_peak_9,281,.,2.69027,33.3239,28.18493,167,Distal Intergenic,1,195136811,195176716,39906,2,12902,ENSMUST00000195120.5,-194952,ENSMUSG00000026616,Cr2,complement receptor 2
chr10,22142324,22142547,224,*,2014_NAT_IMMUNOL_Kurachi___IgG-invitro-d3-CD8_peak_10,94,.,2.51501,14.34606,9.43855,114,"Intron (ENSMUST00000180726.1/319887, intron 1 of 1)",10,22117362,22148610,31249,2,319887,ENSMUST00000181677.1,6063,ENSMUSG00000097327,E030030I06Rik,RIKEN cDNA E030030I06 gene
chr10,29970877,29971120,244,*,2014_NAT_IMMUNOL_Kurachi___IgG-invitro-d3-CD8_peak_11,61,.,2.75129,11.01968,6.15651,103,Distal Intergenic,10,30194569,30200492,5924,2,66311,ENSMUST00000216853.1,229372,ENSMUSG00000075266,Cenpw,centromere protein W
chr10,130594751,130595033,283,*,2014_NAT_IMMUNOL_Kurachi___IgG-invitro-d3-CD8_peak_12,69,.,2.03616,11.79555,6.92026,131,Distal Intergenic,10,130471052,130497396,26345,2,625131,ENSMUST00000164227.3,-97355,ENSMUSG00000091511,Vmn2r87,"vomeronasal 2, receptor 87"
chr11,3100350,3100602,253,*,2014_NAT_IMMUNOL_Kurachi___IgG-invitro-d3-CD8_peak_13,91,.,2.2878,14.04689,9.14243,134,Distal Intergenic,11,3125904,3129396,3493,1,236604,ENSMUST00000145164.7,-25302,NA,Pisd-ps1,"phosphatidylserine decarboxylase, pseudogene 1"
chr11,121982300,121982584,285,*,2014_NAT_IMMUNOL_Kurachi___IgG-invitro-d3-CD8_peak_14,146,.,2.38313,19.62024,14.65893,145,Distal Intergenic,11,121830247,121843423,13177,1,74675,ENSMUST00000036690.6,152053,ENSMUSG00000039198,Ptchd3,patched domain containing 3
chr12,16747737,16747990,254,*,2014_NAT_IMMUNOL_Kurachi___IgG-invitro-d3-CD8_peak_15,160,.,3.15168,20.97602,16.00038,123,"Intron (ENSMUST00000048064.15/268527, intron 1 of 32)",12,16690531,16740254,49724,2,268527,ENSMUST00000161036.7,-7483,ENSMUSG00000036523,Greb1,gene regulated by estrogen in breast cancer protein
chr12,41515036,41515273,238,*,2014_NAT_IMMUNOL_Kurachi___IgG-invitro-d3-CD8_peak_16,62,.,2.71024,11.08966,6.22558,105,"Intron (ENSMUST00000132121.7/93757, intron 4 of 6)",12,41451668,41486431,34764,2,16981,ENSMUST00000043884.5,-28605,ENSMUSG00000036295,Lrrn3,"leucine rich repeat protein 3, neuronal"
chr12,67059164,67059709,546,*,2014_NAT_IMMUNOL_Kurachi___IgG-invitro-d3-CD8_peak_17,234,.,2.82446,28.52727,23.46128,313,"Intron (ENSMUST00000037181.15/320772, intron 1 of 16)",12,66471515,67221042,749528,2,320772,ENSMUST00000222167.1,161333,ENSMUSG00000034912,Mdga2,MAM domain containing glycosylphosphatidylinositol anchor 2
chr12,74804154,74804543,390,*,2014_NAT_IMMUNOL_Kurachi___IgG-invitro-d3-CD8_peak_18,138,.,2.51025,18.78727,13.83452,236,Distal Intergenic,12,74897220,75177332,280113,2,238271,ENSMUST00000042299.3,372789,ENSMUSG00000034402,Kcnh5,"potassium voltage-gated channel, subfamily H (eag-related), member 5"
chr12,97061470,97061745,276,*,2014_NAT_IMMUNOL_Kurachi___IgG-invitro-d3-CD8_peak_19,180,.,2.58703,23.05225,18.05522,161,Distal Intergenic,12,96046767,96047120,354,2,69423,ENSMUST00000073560.4,-1014350,NA,1700019M22Rik,NFX-like protein
chr12,113427410,113427561,152,*,2014_NAT_IMMUNOL_Kurachi___IgG-invitro-d3-CD8_peak_20,40,.,1.8116,8.82473,4.00319,72,Distal Intergenic,12,113489511,113492057,2547,1,238405,ENSMUST00000063317.3,-61950,ENSMUSG00000051804,Adam6b,a disintegrin and metallopeptidase domain 6B
chr12,113427811,113428590,780,*,2014_NAT_IMMUNOL_Kurachi___IgG-invitro-d3-CD8_peak_21a,20,.,1.71937,6.84011,2.07849,65,"Exon (ENSMUST00000103427.1/ENSMUST00000103427.1, exon 1 of 1)",12,113489511,113492057,2547,1,238405,ENSMUST00000063317.3,-60921,ENSMUSG00000051804,Adam6b,a disintegrin and metallopeptidase domain 6B
chr12,113427811,113428590,780,*,2014_NAT_IMMUNOL_Kurachi___IgG-invitro-d3-CD8_peak_21b,94,.,2.13879,14.35607,9.44846,270,"Exon (ENSMUST00000103427.1/ENSMUST00000103427.1, exon 1 of 1)",12,113489511,113492057,2547,1,238405,ENSMUST00000063317.3,-60921,ENSMUSG00000051804,Adam6b,a disintegrin and metallopeptidase domain 6B
chr12,113427811,113428590,780,*,2014_NAT_IMMUNOL_Kurachi___IgG-invitro-d3-CD8_peak_21c,28,.,1.76007,7.66993,2.88021,530,"Exon (ENSMUST00000103427.1/ENSMUST00000103427.1, exon 1 of 1)",12,113489511,113492057,2547,1,238405,ENSMUST00000063317.3,-60921,ENSMUSG00000051804,Adam6b,a disintegrin and metallopeptidase domain 6B
chr12,113428647,113428883,237,*,2014_NAT_IMMUNOL_Kurachi___IgG-invitro-d3-CD8_peak_22,26,.,1.74966,7.48394,2.69922,97,Distal Intergenic,12,113489511,113492057,2547,1,238405,ENSMUST00000063317.3,-60628,ENSMUSG00000051804,Adam6b,a disintegrin and metallopeptidase domain 6B
chr12,120028615,120029068,454,*,2014_NAT_IMMUNOL_Kurachi___IgG-invitro-d3-CD8_peak_23,384,.,2.9683,43.78238,38.4292,245,Distal Intergenic,12,119946570,120021246,74677,1,217951,ENSMUST00000184069.2,82045,ENSMUSG00000048004,Tmem196,transmembrane protein 196
chr13,53269826,53270071,246,*,2014_NAT_IMMUNOL_Kurachi___IgG-invitro-d3-CD8_peak_24,71,.,2.66125,12.029,7.15044,108,"Intron (ENSMUST00000130235.7/26564, intron 1 of 8)",13,53131960,53275658,143699,2,26564,ENSMUST00000149299.1,5587,ENSMUSG00000021464,Ror2,receptor tyrosine kinase-like orphan receptor 2
chr13,74528601,74528862,262,*,2014_NAT_IMMUNOL_Kurachi___IgG-invitro-d3-CD8_peak_25,97,.,2.46637,14.67747,9.76618,138,Distal Intergenic,13,74480057,74493992,13936,2,235956,ENSMUST00000221173.1,-34609,ENSMUSG00000069208,Zfp825,zinc finger protein 825
chr13,74529949,74530186,238,*,2014_NAT_IMMUNOL_Kurachi___IgG-invitro-d3-CD8_peak_26,158,.,2.81392,20.84247,15.86878,117,Distal Intergenic,13,74480057,74493992,13936,2,235956,ENSMUST00000221173.1,-35957,ENSMUSG00000069208,Zfp825,zinc finger protein 825
chr13,74530415,74530676,262,*,2014_NAT_IMMUNOL_Kurachi___IgG-invitro-d3-CD8_peak_27,125,.,2.56763,17.49956,12.56021,127,Distal Intergenic,13,74480057,74493992,13936,2,235956,ENSMUST00000221173.1,-36423,ENSMUSG00000069208,Zfp825,zinc finger protein 825
chr13,116192817,116193071,255,*,2014_NAT_IMMUNOL_Kurachi___IgG-invitro-d3-CD8_peak_28,129,.,3.00657,17.90347,12.95957,129,Distal Intergenic,13,116299395,116303351,3957,2,16392,ENSMUST00000176444.1,110280,ENSMUSG00000042258,Isl1,"ISL1 transcription factor, LIM/homeodomain"
chr13,119598996,119599189,194,*,2014_NAT_IMMUNOL_Kurachi___IgG-invitro-d3-CD8_peak_29,56,.,1.89767,10.48269,5.62833,77,"Intron (ENSMUST00000223912.1/633640, intron 1 of 2)",13,119606650,119610458,3809,1,633640,ENSMUST00000178948.1,-7461,ENSMUSG00000074634,Tmem267,transmembrane protein 267
chr13,120321385,120321708,324,*,2014_NAT_IMMUNOL_Kurachi___IgG-invitro-d3-CD8_peak_30,278,.,2.78675,32.96006,27.82697,158,Promoter (4-5kb),13,120316878,120318178,1301,1,236219,ENSMUST00000223967.1,4507,ENSMUSG00000095821,Tcstv3,"2-cell-stage, variable group, member 3"
chr14,8286585,8286916,332,*,2014_NAT_IMMUNOL_Kurachi___IgG-invitro-d3-CD8_peak_31,79,.,2.15628,12.86669,7.97633,166,Distal Intergenic,14,8296274,8309777,13504,2,268709,ENSMUST00000121887.7,22861,ENSMUSG00000021750,Fam107a,"family with sequence similarity 107, member A"
chr14,69161915,69162169,255,*,2014_NAT_IMMUNOL_Kurachi___IgG-invitro-d3-CD8_peak_32,29,.,2.19391,7.76816,2.97562,98,Downstream (2-3kb),14,69171802,69175518,3717,1,18092,ENSMUST00000062437.9,-9633,ENSMUSG00000044186,Nkx2-6,NK2 homeobox 6
chr14,86198916,86199217,302,*,2014_NAT_IMMUNOL_Kurachi___IgG-invitro-d3-CD8_peak_33,199,.,2.67144,24.96754,19.94839,149,Distal Intergenic,14,86245970,86262042,16073,1,75155,ENSMUST00000227144.1,-46753,ENSMUSG00000115271,4930529K09Rik,RIKEN cDNA 4930529K09 gene
chr14,90911108,90911359,252,*,2014_NAT_IMMUNOL_Kurachi___IgG-invitro-d3-CD8_peak_34,51,.,2.48586,10.04451,5.19769,147,Distal Intergenic,14,90126891,90269760,142870,1,74967,ENSMUST00000227263.1,784217,ENSMUSG00000115001,4930474H20Rik,RIKEN cDNA 4930474H20 gene
chr14,104336957,104337108,152,*,2014_NAT_IMMUNOL_Kurachi___IgG-invitro-d3-CD8_peak_35,75,.,6.2703,12.48205,7.59654,65,"Intron (ENSMUST00000228095.1/ENSMUST00000228095.1, intron 1 of 4)",14,104463973,104465365,1393,2,18996,ENSMUST00000139505.1,128257,ENSMUSG00000048349,Pou4f1,"POU domain, class 4, transcription factor 1"
chr14,107075294,107075441,148,*,2014_NAT_IMMUNOL_Kurachi___IgG-invitro-d3-CD8_peak_36,95,.,6.89733,14.47026,9.56122,59,Distal Intergenic,14,106417187,106486520,69334,2,73631,ENSMUST00000186311.1,-588774,ENSMUSG00000099794,1700128A07Rik,RIKEN cDNA 1700128A07 gene
chr14,124801511,124802252,742,*,2014_NAT_IMMUNOL_Kurachi___IgG-invitro-d3-CD8_peak_37a,345,.,3.00088,39.79266,34.5349,162,Distal Intergenic,14,123977907,124677127,699221,2,14169,ENSMUST00000095529.9,-124384,ENSMUSG00000025551,Fgf14,fibroblast growth factor 14
chr14,124801511,124802252,742,*,2014_NAT_IMMUNOL_Kurachi___IgG-invitro-d3-CD8_peak_37b,473,.,3.19903,52.98679,47.32066,510,Distal Intergenic,14,123977907,124677127,699221,2,14169,ENSMUST00000095529.9,-124384,ENSMUSG00000025551,Fgf14,fibroblast growth factor 14
chr16,3116209,3116441,233,*,2014_NAT_IMMUNOL_Kurachi___IgG-invitro-d3-CD8_peak_38,27,.,1.96575,7.57619,2.78911,114,Distal Intergenic,16,3592398,3593339,942,1,258859,ENSMUST00000061541.1,-475957,ENSMUSG00000051003,Olfr161,olfactory receptor 161
chr16,10975003,10975260,258,*,2014_NAT_IMMUNOL_Kurachi___IgG-invitro-d3-CD8_peak_39,38,.,2.11426,8.69729,3.88026,149,Promoter (<=1kb),16,10960824,10975579,14756,2,56722,ENSMUST00000117360.7,319,ENSMUSG00000022500,Litaf,LPS-induced TN factor
chr16,35981718,35981872,155,*,2014_NAT_IMMUNOL_Kurachi___IgG-invitro-d3-CD8_peak_40,31,.,2.02353,7.91242,3.11469,59,Promoter (1-2kb),16,35983315,36037131,53817,1,16646,ENSMUST00000004054.12,-1443,ENSMUSG00000022905,Kpna1,karyopherin (importin) alpha 1
chr16,93789117,93789374,258,*,2014_NAT_IMMUNOL_Kurachi___IgG-invitro-d3-CD8_peak_41,65,.,2.36306,11.44684,6.57722,143,Promoter (3-4kb),16,93792789,93800015,7227,1,70028,ENSMUST00000232210.1,-3415,ENSMUSG00000022946,Dop1b,DOP1 leucine zipper like protein B
chr16,98107460,98107825,366,*,2014_NAT_IMMUNOL_Kurachi___IgG-invitro-d3-CD8_peak_42,338,.,2.83004,39.11127,33.86865,192,Distal Intergenic,16,98065444,98082450,17007,2,320586,ENSMUST00000231741.1,-25010,ENSMUSG00000116673,A630089N07Rik,RIKEN cDNA A630089N07 gene
chr17,4626147,4626620,474,*,2014_NAT_IMMUNOL_Kurachi___IgG-invitro-d3-CD8_peak_43,275,.,11.91356,32.71024,27.5815,193,Distal Intergenic,17,4634978,4637471,2494,1,75117,ENSMUST00000232624.1,-8358,ENSMUSG00000116767,4930517M08Rik,RIKEN cDNA 4930517M08 gene
chr17,13550665,13550886,222,*,2014_NAT_IMMUNOL_Kurachi___IgG-invitro-d3-CD8_peak_44,85,.,2.20101,13.42909,8.53196,93,"Intron (ENSMUST00000137459.7/72578, intron 2 of 5)",17,13487021,13568864,81844,2,72578,ENSMUST00000137459.7,17978,ENSMUSG00000117042,2700054A10Rik,RIKEN cDNA 2700054A10 gene
chr17,13550958,13551386,429,*,2014_NAT_IMMUNOL_Kurachi___IgG-invitro-d3-CD8_peak_45,134,.,2.45878,18.37211,13.42382,134,"Intron (ENSMUST00000137459.7/72578, intron 2 of 5)",17,13487021,13568864,81844,2,72578,ENSMUST00000137459.7,17478,ENSMUSG00000117042,2700054A10Rik,RIKEN cDNA 2700054A10 gene
chr17,13552103,13552444,342,*,2014_NAT_IMMUNOL_Kurachi___IgG-invitro-d3-CD8_peak_46,126,.,2.41392,17.63231,12.69108,157,"Intron (ENSMUST00000137459.7/72578, intron 2 of 5)",17,13487021,13568864,81844,2,72578,ENSMUST00000137459.7,16420,ENSMUSG00000117042,2700054A10Rik,RIKEN cDNA 2700054A10 gene
chr17,13552512,13553150,639,*,2014_NAT_IMMUNOL_Kurachi___IgG-invitro-d3-CD8_peak_47,171,.,2.3678,22.12627,17.1389,391,"Intron (ENSMUST00000137459.7/72578, intron 2 of 5)",17,13487021,13568864,81844,2,72578,ENSMUST00000137459.7,15714,ENSMUSG00000117042,2700054A10Rik,RIKEN cDNA 2700054A10 gene
chr17,13590481,13590627,147,*,2014_NAT_IMMUNOL_Kurachi___IgG-invitro-d3-CD8_peak_48,45,.,2.09025,9.35446,4.52181,63,"Intron (ENSMUST00000185626.6/72578, intron 1 of 5)",17,13487021,13568864,81844,2,72578,ENSMUST00000137459.7,-21617,ENSMUSG00000117042,2700054A10Rik,RIKEN cDNA 2700054A10 gene
chr17,34000376,34000597,222,*,2014_NAT_IMMUNOL_Kurachi___IgG-invitro-d3-CD8_peak_49,51,.,1.85373,10.00744,5.16133,85,Promoter (<=1kb),17,33996053,34000347,4295,2,14972,ENSMUST00000025181.17,-29,ENSMUSG00000061232,H2-K1,"histocompatibility 2, K1, K region"
chr17,34001079,34002265,1187,*,2014_NAT_IMMUNOL_Kurachi___IgG-invitro-d3-CD8_peak_50a,47,.,1.87666,9.53931,4.70291,67,Promoter (<=1kb),17,33996053,34000347,4295,2,14972,ENSMUST00000025181.17,-732,ENSMUSG00000061232,H2-K1,"histocompatibility 2, K1, K region"
chr17,34001079,34002265,1187,*,2014_NAT_IMMUNOL_Kurachi___IgG-invitro-d3-CD8_peak_50b,64,.,1.97418,11.3061,6.43871,263,Promoter (<=1kb),17,33996053,34000347,4295,2,14972,ENSMUST00000025181.17,-732,ENSMUSG00000061232,H2-K1,"histocompatibility 2, K1, K region"
chr17,34001079,34002265,1187,*,2014_NAT_IMMUNOL_Kurachi___IgG-invitro-d3-CD8_peak_50c,65,.,1.94396,11.36893,6.50065,420,Promoter (<=1kb),17,33996053,34000347,4295,2,14972,ENSMUST00000025181.17,-732,ENSMUSG00000061232,H2-K1,"histocompatibility 2, K1, K region"
chr17,34001079,34002265,1187,*,2014_NAT_IMMUNOL_Kurachi___IgG-invitro-d3-CD8_peak_50d,103,.,2.10583,15.23506,10.31737,790,Promoter (<=1kb),17,33996053,34000347,4295,2,14972,ENSMUST00000025181.17,-732,ENSMUSG00000061232,H2-K1,"histocompatibility 2, K1, K region"
chr17,34001079,34002265,1187,*,2014_NAT_IMMUNOL_Kurachi___IgG-invitro-d3-CD8_peak_50e,59,.,1.89104,10.83169,5.97158,1073,Promoter (<=1kb),17,33996053,34000347,4295,2,14972,ENSMUST00000025181.17,-732,ENSMUSG00000061232,H2-K1,"histocompatibility 2, K1, K region"
chr17,56199932,56200085,154,*,2014_NAT_IMMUNOL_Kurachi___IgG-invitro-d3-CD8_peak_51,85,.,6.58381,13.46616,8.56817,86,"Intron (ENSMUST00000223616.1/224897, intron 7 of 18)",17,56186807,56209208,22402,2,224897,ENSMUST00000223616.1,9123,ENSMUSG00000001229,Dpp9,dipeptidylpeptidase 9
chr17,67741284,67741520,237,*,2014_NAT_IMMUNOL_Kurachi___IgG-invitro-d3-CD8_peak_52,190,.,3.9858,24.03637,19.02856,104,"Intron (ENSMUST00000035471.8/16772, intron 5 of 62)",17,67697265,67756912,59648,1,16772,ENSMUST00000233821.1,44019,ENSMUSG00000032796,Lama1,"laminin, alpha 1"
chr18,3005219,3005581,363,*,2014_NAT_IMMUNOL_Kurachi___IgG-invitro-d3-CD8_peak_53a,15,.,1.75238,6.33445,1.59021,120,Distal Intergenic,18,3122492,3123412,921,2,100312476,ENSMUST00000165255.2,117831,ENSMUSG00000091539,Vmn1r238,"vomeronasal 1 receptor, 238"
chr18,3005219,3005581,363,*,2014_NAT_IMMUNOL_Kurachi___IgG-invitro-d3-CD8_peak_53b,92,.,2.60499,14.1799,9.27405,266,Distal Intergenic,18,3122492,3123412,921,2,100312476,ENSMUST00000165255.2,117831,ENSMUSG00000091539,Vmn1r238,"vomeronasal 1 receptor, 238"
chr18,3006216,3006456,241,*,2014_NAT_IMMUNOL_Kurachi___IgG-invitro-d3-CD8_peak_54,38,.,2.33868,8.64451,3.82863,155,Distal Intergenic,18,3122492,3123412,921,2,100312476,ENSMUST00000165255.2,116956,ENSMUSG00000091539,Vmn1r238,"vomeronasal 1 receptor, 238"
chr18,7033639,7033886,248,*,2014_NAT_IMMUNOL_Kurachi___IgG-invitro-d3-CD8_peak_55,59,.,2.69647,10.8408,5.98061,145,Distal Intergenic,18,6934518,7004780,70263,2,210719,ENSMUST00000079788.6,-28859,ENSMUSG00000061013,Mkx,mohawk homeobox
chr18,48010337,48010589,253,*,2014_NAT_IMMUNOL_Kurachi___IgG-invitro-d3-CD8_peak_56,32,.,2.17354,8.04874,3.24713,149,"Intron (ENSMUST00000237558.1/414127, intron 2 of 3)",18,47983217,48107980,124764,1,414127,ENSMUST00000236832.1,27120,ENSMUSG00000118267,G630055G22Rik,RIKEN cDNA G630055G22 gene
chr18,90602159,90602638,480,*,2014_NAT_IMMUNOL_Kurachi___IgG-invitro-d3-CD8_peak_57,524,.,3.32169,58.44663,52.47443,215,Distal Intergenic,18,90585407,90591075,5669,1,108168395,ENSMUST00000210766.1,16752,ENSMUSG00000110277,Gm45871,predicted gene 45871
chr19,23357347,23357602,256,*,2014_NAT_IMMUNOL_Kurachi___IgG-invitro-d3-CD8_peak_58,144,.,3.13688,19.42005,14.46069,126,"Intron (ENSMUST00000036069.7/71738, intron 7 of 13)",19,23208723,23273897,65175,2,226026,ENSMUST00000223934.1,-83450,ENSMUSG00000024943,Smc5,structural maintenance of chromosomes 5
chr19,61331230,61331598,369,*,2014_NAT_IMMUNOL_Kurachi___IgG-invitro-d3-CD8_peak_59,419,.,3.06327,47.44411,41.98188,180,Distal Intergenic,19,61226843,61228429,1587,2,12982,ENSMUST00000235987.1,-102801,ENSMUSG00000059326,Csf2ra,"colony stimulating factor 2 receptor, alpha, low-affinity (granulocyte-macrophage)"
chr2,3964435,3964688,254,*,2014_NAT_IMMUNOL_Kurachi___IgG-invitro-d3-CD8_peak_60,92,.,2.35187,14.19592,9.28996,128,Distal Intergenic,2,4017717,4167006,149290,1,209630,ENSMUST00000138735.1,-53029,ENSMUSG00000026657,Frmd4a,FERM domain containing 4A
chr2,22587599,22587752,154,*,2014_NAT_IMMUNOL_Kurachi___IgG-invitro-d3-CD8_peak_61,36,.,2.08312,8.42843,3.61785,11,"Exon (ENSMUST00000120780.1/ENSMUST00000120780.1, exon 1 of 1)",2,22622205,22693874,71670,1,14417,ENSMUST00000028123.3,-34453,ENSMUSG00000026787,Gad2,glutamic acid decarboxylase 2
chr2,22588694,22589022,329,*,2014_NAT_IMMUNOL_Kurachi___IgG-invitro-d3-CD8_peak_62,60,.,2.70045,10.86591,6.00519,74,"Exon (ENSMUST00000117219.1/ENSMUST00000117219.1, exon 1 of 1)",2,22622205,22693874,71670,1,14417,ENSMUST00000028123.3,-33183,ENSMUSG00000026787,Gad2,glutamic acid decarboxylase 2
chr2,22589182,22589404,223,*,2014_NAT_IMMUNOL_Kurachi___IgG-invitro-d3-CD8_peak_63,98,.,2.2466,14.78588,9.87332,92,"Exon (ENSMUST00000117219.1/ENSMUST00000117219.1, exon 1 of 1)",2,22622205,22693874,71670,1,14417,ENSMUST00000028123.3,-32801,ENSMUSG00000026787,Gad2,glutamic acid decarboxylase 2
chr2,22589500,22589777,278,*,2014_NAT_IMMUNOL_Kurachi___IgG-invitro-d3-CD8_peak_64,44,.,1.87144,9.32803,4.49595,167,"Exon (ENSMUST00000117219.1/ENSMUST00000117219.1, exon 1 of 1)",2,22622205,22693874,71670,1,14417,ENSMUST00000028123.3,-32428,ENSMUSG00000026787,Gad2,glutamic acid decarboxylase 2
chr2,41896212,41896358,147,*,2014_NAT_IMMUNOL_Kurachi___IgG-invitro-d3-CD8_peak_65,30,.,2.49997,7.89307,3.09739,51,"Intron (ENSMUST00000052550.12/94217, intron 3 of 90)",2,40801393,41789078,987686,2,94217,ENSMUST00000167270.4,-107134,ENSMUSG00000049252,Lrp1b,low density lipoprotein-related protein 1B
chr2,57629448,57629757,310,*,2014_NAT_IMMUNOL_Kurachi___IgG-invitro-d3-CD8_peak_66,82,.,2.01851,13.13655,8.24267,145,Distal Intergenic,2,57267377,57268108,732,1,14571,ENSMUST00000154612.1,362071,ENSMUSG00000026827,Gpd2,"glycerol phosphate dehydrogenase 2, mitochondrial"
chr2,60402679,60402913,235,*,2014_NAT_IMMUNOL_Kurachi___IgG-invitro-d3-CD8_peak_67,289,.,11.95726,34.09708,28.94536,115,Distal Intergenic,2,60411525,60412579,1055,1,100039176,ENSMUST00000131457.1,-8612,ENSMUSG00000087283,Gm13580,predicted gene 13580
chr2,181931184,181931388,205,*,2014_NAT_IMMUNOL_Kurachi___IgG-invitro-d3-CD8_peak_68,16,.,2.91579,6.34986,1.60479,50,Distal Intergenic,2,181991129,182003861,12733,1,672125,ENSMUST00000071760.7,-59741,ENSMUSG00000098505,Gm14496,predicted gene 14496
chr2,182012786,182013240,455,*,2014_NAT_IMMUNOL_Kurachi___IgG-invitro-d3-CD8_peak_69,345,.,2.90383,39.82613,34.56789,282,Distal Intergenic,2,181991129,182003861,12733,1,672125,ENSMUST00000236373.1,21657,ENSMUSG00000098505,Gm14496,predicted gene 14496
chr3,8245249,8245520,272,*,2014_NAT_IMMUNOL_Kurachi___IgG-invitro-d3-CD8_peak_70a,101,.,2.45372,15.08107,10.16518,127,Distal Intergenic,3,8462228,8463035,808,2,620966,ENSMUST00000194834.1,217515,NA,Gm6194,transmembrane protein 189 pseudogene
chr3,8245249,8245520,272,*,2014_NAT_IMMUNOL_Kurachi___IgG-invitro-d3-CD8_peak_70b,25,.,2.49529,7.3062,2.52681,247,Distal Intergenic,3,8462228,8463035,808,2,620966,ENSMUST00000194834.1,217515,NA,Gm6194,transmembrane protein 189 pseudogene
chr3,21698363,21698614,252,*,2014_NAT_IMMUNOL_Kurachi___IgG-invitro-d3-CD8_peak_71,64,.,2.54081,11.29016,6.42289,145,Distal Intergenic,3,22076652,22216594,139943,1,81004,ENSMUST00000193734.5,-378038,ENSMUSG00000027630,Tbl1xr1,transducin (beta)-like 1X-linked receptor 1
chr3,56575418,56575805,388,*,2014_NAT_IMMUNOL_Kurachi___IgG-invitro-d3-CD8_peak_72a,99,.,2.48305,14.85428,9.94097,135,Distal Intergenic,3,55625195,56183701,558507,2,26422,ENSMUST00000029374.7,-391717,ENSMUSG00000027799,Nbea,neurobeachin
chr3,56575418,56575805,388,*,2014_NAT_IMMUNOL_Kurachi___IgG-invitro-d3-CD8_peak_72b,69,.,2.26653,11.84227,6.96626,276,Distal Intergenic,3,55625195,56183701,558507,2,26422,ENSMUST00000029374.7,-391717,ENSMUSG00000027799,Nbea,neurobeachin
chr3,128209959,128210202,244,*,2014_NAT_IMMUNOL_Kurachi___IgG-invitro-d3-CD8_peak_73,65,.,2.70454,11.37567,6.50717,105,"Intron (ENSMUST00000197413.4/402774, intron 2 of 5)",3,128148802,128231553,82752,2,402774,ENSMUST00000196617.1,21351,ENSMUSG00000105816,D030025E07Rik,RIKEN cDNA D030025E07 gene
chr3,159939376,159939736,361,*,2014_NAT_IMMUNOL_Kurachi___IgG-invitro-d3-CD8_peak_74,429,.,3.07358,48.46072,42.96328,174,Distal Intergenic,3,159839910,159873404,33495,1,68151,ENSMUST00000196276.1,99466,ENSMUSG00000028173,Wls,wntless WNT ligand secretion mediator
chr4,3090084,3090260,177,*,2014_NAT_IMMUNOL_Kurachi___IgG-invitro-d3-CD8_peak_75,112,.,2.73943,16.20772,11.28037,132,Distal Intergenic,4,3172083,3173003,921,1,100312470,ENSMUST00000105160.4,-81823,ENSMUSG00000115072,Vmn1r2,vomeronasal 1 receptor 2
chr4,28176849,28177094,246,*,2014_NAT_IMMUNOL_Kurachi___IgG-invitro-d3-CD8_peak_76,56,.,2.20247,10.53736,5.68226,100,Distal Intergenic,4,28813131,28947047,133917,1,13841,ENSMUST00000080934.10,-636037,ENSMUSG00000028289,Epha7,Eph receptor A7
chr4,64497788,64498134,347,*,2014_NAT_IMMUNOL_Kurachi___IgG-invitro-d3-CD8_peak_77,73,.,2.38217,12.25402,7.37221,157,Distal Intergenic,4,64254053,64276603,22551,2,102633436,ENSMUST00000141162.1,-221185,ENSMUSG00000085032,Gm11217,predicted gene 11217
chr4,118547160,118547425,266,*,2014_NAT_IMMUNOL_Kurachi___IgG-invitro-d3-CD8_peak_78,41,.,1.93321,9.02025,4.19439,133,Promoter (3-4kb),4,118541859,118544044,2186,2,230678,ENSMUST00000128098.7,-3116,ENSMUSG00000050854,Tmem125,transmembrane protein 125
chr4,118547845,118548275,431,*,2014_NAT_IMMUNOL_Kurachi___IgG-invitro-d3-CD8_peak_79,171,.,2.44501,22.17653,17.18868,130,Promoter (3-4kb),4,118541859,118544044,2186,2,230678,ENSMUST00000128098.7,-3801,ENSMUSG00000050854,Tmem125,transmembrane protein 125
chr5,80500804,80501049,246,*,2014_NAT_IMMUNOL_Kurachi___IgG-invitro-d3-CD8_peak_80,18,.,3.60111,6.60763,1.85431,92,Distal Intergenic,5,81020138,81388784,368647,1,319387,ENSMUST00000147226.7,-519089,ENSMUSG00000037605,Adgrl3,adhesion G protein-coupled receptor L3
chr5,106176797,106176945,149,*,2014_NAT_IMMUNOL_Kurachi___IgG-invitro-d3-CD8_peak_81,13,.,2.18986,6.12329,1.39397,59,Distal Intergenic,5,106321340,106323217,1878,1,102635633,ENSMUST00000200592.1,-144395,ENSMUSG00000105508,Gm32921,"predicted gene, 32921"
chr5,114922385,114922596,212,*,2014_NAT_IMMUNOL_Kurachi___IgG-invitro-d3-CD8_peak_82,17,.,2.85464,6.52018,1.76968,125,Promoter (<=1kb),5,114923240,114937912,14673,1,231655,ENSMUST00000031540.10,-644,ENSMUSG00000041827,Oasl1,2'-5' oligoadenylate synthetase-like 1
chr5,151734476,151734757,282,*,2014_NAT_IMMUNOL_Kurachi___IgG-invitro-d3-CD8_peak_83,161,.,2.62727,21.08566,16.10905,144,Distal Intergenic,5,151642756,151651242,8487,2,69263,ENSMUST00000038131.9,-83234,ENSMUSG00000033970,Rfc3,replication factor C (activator 1) 3
chr6,10186311,10186535,225,*,2014_NAT_IMMUNOL_Kurachi___IgG-invitro-d3-CD8_peak_84,147,.,8.4649,19.7626,14.79935,118,Distal Intergenic,6,10972058,10974378,2321,2,57866,ENSMUST00000205141.1,787843,NA,AA545190,EST AA545190
chr6,29748386,29748585,200,*,2014_NAT_IMMUNOL_Kurachi___IgG-invitro-d3-CD8_peak_85,30,.,1.91372,7.80447,3.01103,81,"Intron (ENSMUST00000001812.4/319757, intron 1 of 11)",6,29735694,29761365,25672,1,319757,ENSMUST00000001812.4,12692,ENSMUSG00000001761,Smo,"smoothened, frizzled class receptor"
chr6,56233574,56233832,259,*,2014_NAT_IMMUNOL_Kurachi___IgG-invitro-d3-CD8_peak_86,179,.,3.44721,22.95352,17.95742,130,"Intron (ENSMUST00000044505.13/18575, intron 2 of 18)",6,56082038,56123008,40971,2,18575,ENSMUST00000203462.2,-110566,ENSMUSG00000004347,Pde1c,phosphodiesterase 1C
chr6,103314533,103314798,266,*,2014_NAT_IMMUNOL_Kurachi___IgG-invitro-d3-CD8_peak_87,102,.,2.40653,15.2053,10.28809,133,Distal Intergenic,6,103510586,103750211,239626,1,12661,ENSMUST00000203912.2,-195788,ENSMUSG00000030077,Chl1,cell adhesion molecule L1-like
chr6,132463656,132463865,210,*,2014_NAT_IMMUNOL_Kurachi___IgG-invitro-d3-CD8_peak_88,126,.,7.83787,17.59419,12.65341,99,Distal Intergenic,6,132361041,132364134,3094,2,667929,ENSMUST00000080849.5,-99522,ENSMUSG00000030143,Gm8882,predicted gene 8882
chr7,145340898,145341456,559,*,2014_NAT_IMMUNOL_Kurachi___IgG-invitro-d3-CD8_peak_89,497,.,3.24609,55.56379,49.77236,239,Distal Intergenic,7,145314835,145324086,9252,1,211578,ENSMUST00000062163.7,26063,ENSMUSG00000051207,Mrgprd,"MAS-related GPR, member D"
chr8,23095518,23095712,195,*,2014_NAT_IMMUNOL_Kurachi___IgG-invitro-d3-CD8_peak_90,21,.,1.9013,6.92666,2.16186,89,Promoter (<=1kb),8,23096101,23123638,27538,1,11733,ENSMUST00000152511.1,-389,ENSMUSG00000031543,Ank1,"ankyrin 1, erythroid"
chr8,73319574,73319820,247,*,2014_NAT_IMMUNOL_Kurachi___IgG-invitro-d3-CD8_peak_91,136,.,3.16592,18.64223,13.69127,127,"Intron (ENSMUST00000004497.10/16795, intron 1 of 14)",8,72814599,73352556,537958,2,16795,ENSMUST00000004497.10,32736,ENSMUSG00000004383,Large1,LARGE xylosyl- and glucuronyltransferase 1
chr8,83756912,83757061,150,*,2014_NAT_IMMUNOL_Kurachi___IgG-invitro-d3-CD8_peak_92,49,.,2.28462,9.80509,4.96302,50,Distal Intergenic,8,83723251,83741326,18076,2,26364,ENSMUST00000166939.7,-15586,ENSMUSG00000002885,Adgre5,adhesion G protein-coupled receptor E5
chr8,129301034,129301286,253,*,2014_NAT_IMMUNOL_Kurachi___IgG-invitro-d3-CD8_peak_93,188,.,3.25474,23.84413,18.83835,130,Distal Intergenic,8,129263648,129271868,8221,1,102635552,ENSMUST00000212145.1,37386,ENSMUSG00000110605,Gm32856,"predicted gene, 32856"
chr9,3000522,3000913,392,*,2014_NAT_IMMUNOL_Kurachi___IgG-invitro-d3-CD8_peak_94,376,.,3.11255,42.98122,37.64825,219,Distal Intergenic,9,3038669,3038743,75,2,100628572,ENSMUST00000195989.1,37830,ENSMUSG00000106183,Mir101c,microRNA 101c
chr9,3001085,3001328,244,*,2014_NAT_IMMUNOL_Kurachi___IgG-invitro-d3-CD8_peak_95,291,.,2.90607,34.30924,29.15393,121,"Exon (ENSMUST00000151376.2/ENSMUST00000151376.2, exon 2 of 4)",9,3038669,3038743,75,2,100628572,ENSMUST00000195989.1,37415,ENSMUSG00000106183,Mir101c,microRNA 101c
chr9,3001603,3004381,2779,*,2014_NAT_IMMUNOL_Kurachi___IgG-invitro-d3-CD8_peak_96a,607,.,3.52948,67.37607,60.77075,182,"Exon (ENSMUST00000151376.2/ENSMUST00000151376.2, exon 3 of 4)",9,3038669,3038743,75,2,100628572,ENSMUST00000195989.1,34362,ENSMUSG00000106183,Mir101c,microRNA 101c
chr9,3001603,3004381,2779,*,2014_NAT_IMMUNOL_Kurachi___IgG-invitro-d3-CD8_peak_96b,688,.,3.73558,76.44987,68.88002,589,"Exon (ENSMUST00000151376.2/ENSMUST00000151376.2, exon 3 of 4)",9,3038669,3038743,75,2,100628572,ENSMUST00000195989.1,34362,ENSMUSG00000106183,Mir101c,microRNA 101c
chr9,3001603,3004381,2779,*,2014_NAT_IMMUNOL_Kurachi___IgG-invitro-d3-CD8_peak_96c,379,.,3.09661,43.25685,37.91775,1091,"Exon (ENSMUST00000151376.2/ENSMUST00000151376.2, exon 3 of 4)",9,3038669,3038743,75,2,100628572,ENSMUST00000195989.1,34362,ENSMUSG00000106183,Mir101c,microRNA 101c
chr9,3001603,3004381,2779,*,2014_NAT_IMMUNOL_Kurachi___IgG-invitro-d3-CD8_peak_96d,574,.,3.45094,63.81518,57.45677,1461,"Exon (ENSMUST00000151376.2/ENSMUST00000151376.2, exon 3 of 4)",9,3038669,3038743,75,2,100628572,ENSMUST00000195989.1,34362,ENSMUSG00000106183,Mir101c,microRNA 101c
chr9,3001603,3004381,2779,*,2014_NAT_IMMUNOL_Kurachi___IgG-invitro-d3-CD8_peak_96e,630,.,3.58182,69.8695,63.09085,1825,"Exon (ENSMUST00000151376.2/ENSMUST00000151376.2, exon 3 of 4)",9,3038669,3038743,75,2,100628572,ENSMUST00000195989.1,34362,ENSMUSG00000106183,Mir101c,microRNA 101c
chr9,3001603,3004381,2779,*,2014_NAT_IMMUNOL_Kurachi___IgG-invitro-d3-CD8_peak_96f,656,.,3.65773,72.73901,65.66163,2545,"Exon (ENSMUST00000151376.2/ENSMUST00000151376.2, exon 3 of 4)",9,3038669,3038743,75,2,100628572,ENSMUST00000195989.1,34362,ENSMUSG00000106183,Mir101c,microRNA 101c
chr9,3005231,3005793,563,*,2014_NAT_IMMUNOL_Kurachi___IgG-invitro-d3-CD8_peak_97a,170,.,2.66054,22.00148,17.01548,89,"Exon (ENSMUST00000179881.1/ENSMUST00000179881.1, exon 2 of 5)",9,3038669,3038743,75,2,100628572,ENSMUST00000195989.1,32950,ENSMUSG00000106183,Mir101c,microRNA 101c
chr9,3005231,3005793,563,*,2014_NAT_IMMUNOL_Kurachi___IgG-invitro-d3-CD8_peak_97b,239,.,2.68617,28.98344,23.91127,427,"Exon (ENSMUST00000179881.1/ENSMUST00000179881.1, exon 2 of 5)",9,3038669,3038743,75,2,100628572,ENSMUST00000195989.1,32950,ENSMUSG00000106183,Mir101c,microRNA 101c
chr9,3006070,3006942,873,*,2014_NAT_IMMUNOL_Kurachi___IgG-invitro-d3-CD8_peak_98a,674,.,3.69694,74.71883,67.45708,316,"Exon (ENSMUST00000179881.1/ENSMUST00000179881.1, exon 3 of 5)",9,3038669,3038743,75,2,100628572,ENSMUST00000195989.1,31801,ENSMUSG00000106183,Mir101c,microRNA 101c
chr9,3006070,3006942,873,*,2014_NAT_IMMUNOL_Kurachi___IgG-invitro-d3-CD8_peak_98b,584,.,3.46628,64.88316,58.45972,704,"Exon (ENSMUST00000179881.1/ENSMUST00000179881.1, exon 3 of 5)",9,3038669,3038743,75,2,100628572,ENSMUST00000195989.1,31801,ENSMUSG00000106183,Mir101c,microRNA 101c
chr9,3007172,3008818,1647,*,2014_NAT_IMMUNOL_Kurachi___IgG-invitro-d3-CD8_peak_99a,407,.,3.04206,46.19051,40.76838,157,Distal Intergenic,9,3038669,3038743,75,2,100628572,ENSMUST00000195989.1,29925,ENSMUSG00000106183,Mir101c,microRNA 101c
chr9,3007172,3008818,1647,*,2014_NAT_IMMUNOL_Kurachi___IgG-invitro-d3-CD8_peak_99b,204,.,2.56658,25.50345,20.47779,397,Distal Intergenic,9,3038669,3038743,75,2,100628572,ENSMUST00000195989.1,29925,ENSMUSG00000106183,Mir101c,microRNA 101c
chr9,3007172,3008818,1647,*,2014_NAT_IMMUNOL_Kurachi___IgG-invitro-d3-CD8_peak_99c,508,.,3.33918,56.66331,50.80457,839,Distal Intergenic,9,3038669,3038743,75,2,100628572,ENSMUST00000195989.1,29925,ENSMUSG00000106183,Mir101c,microRNA 101c
chr9,3007172,3008818,1647,*,2014_NAT_IMMUNOL_Kurachi___IgG-invitro-d3-CD8_peak_99d,557,.,3.43138,61.96719,55.73641,1390,Distal Intergenic,9,3038669,3038743,75,2,100628572,ENSMUST00000195989.1,29925,ENSMUSG00000106183,Mir101c,microRNA 101c
chr9,3009120,3011273,2154,*,2014_NAT_IMMUNOL_Kurachi___IgG-invitro-d3-CD8_peak_100a,549,.,3.38631,61.11034,54.94273,287,Distal Intergenic,9,3038669,3038743,75,2,100628572,ENSMUST00000195989.1,27470,ENSMUSG00000106183,Mir101c,microRNA 101c
chr9,3009120,3011273,2154,*,2014_NAT_IMMUNOL_Kurachi___IgG-invitro-d3-CD8_peak_100b,520,.,3.35764,57.97486,52.03457,695,Distal Intergenic,9,3038669,3038743,75,2,100628572,ENSMUST00000195989.1,27470,ENSMUSG00000106183,Mir101c,microRNA 101c
chr9,3009120,3011273,2154,*,2014_NAT_IMMUNOL_Kurachi___IgG-invitro-d3-CD8_peak_100c,512,.,3.30349,57.1418,51.25653,1221,Distal Intergenic,9,3038669,3038743,75,2,100628572,ENSMUST00000195989.1,27470,ENSMUSG00000106183,Mir101c,microRNA 101c
chr9,3009120,3011273,2154,*,2014_NAT_IMMUNOL_Kurachi___IgG-invitro-d3-CD8_peak_100d,296,.,2.82909,34.794,29.63058,1567,Distal Intergenic,9,3038669,3038743,75,2,100628572,ENSMUST00000195989.1,27470,ENSMUSG00000106183,Mir101c,microRNA 101c
chr9,3009120,3011273,2154,*,2014_NAT_IMMUNOL_Kurachi___IgG-invitro-d3-CD8_peak_100e,534,.,3.37726,59.54944,53.49754,1853,Distal Intergenic,9,3038669,3038743,75,2,100628572,ENSMUST00000195989.1,27470,ENSMUSG00000106183,Mir101c,microRNA 101c
chr9,3011431,3015132,3702,*,2014_NAT_IMMUNOL_Kurachi___IgG-invitro-d3-CD8_peak_101a,455,.,3.23948,51.18451,45.59512,311,"Exon (ENSMUST00000143083.2/ENSMUST00000143083.2, exon 1 of 4)",9,3038669,3038743,75,2,100628572,ENSMUST00000195989.1,23611,ENSMUSG00000106183,Mir101c,microRNA 101c
chr9,3011431,3015132,3702,*,2014_NAT_IMMUNOL_Kurachi___IgG-invitro-d3-CD8_peak_101b,610,.,3.54141,67.66983,61.03712,857,"Exon (ENSMUST00000143083.2/ENSMUST00000143083.2, exon 1 of 4)",9,3038669,3038743,75,2,100628572,ENSMUST00000195989.1,23611,ENSMUSG00000106183,Mir101c,microRNA 101c
chr9,3011431,3015132,3702,*,2014_NAT_IMMUNOL_Kurachi___IgG-invitro-d3-CD8_peak_101c,567,.,3.45768,63.05588,56.74625,1448,"Exon (ENSMUST00000143083.2/ENSMUST00000143083.2, exon 1 of 4)",9,3038669,3038743,75,2,100628572,ENSMUST00000195989.1,23611,ENSMUSG00000106183,Mir101c,microRNA 101c
chr9,3011431,3015132,3702,*,2014_NAT_IMMUNOL_Kurachi___IgG-invitro-d3-CD8_peak_101d,478,.,3.23929,53.50213,47.81196,1813,"Exon (ENSMUST00000143083.2/ENSMUST00000143083.2, exon 1 of 4)",9,3038669,3038743,75,2,100628572,ENSMUST00000195989.1,23611,ENSMUSG00000106183,Mir101c,microRNA 101c
chr9,3011431,3015132,3702,*,2014_NAT_IMMUNOL_Kurachi___IgG-invitro-d3-CD8_peak_101e,495,.,3.25321,55.30856,49.52886,2361,"Exon (ENSMUST00000143083.2/ENSMUST00000143083.2, exon 1 of 4)",9,3038669,3038743,75,2,100628572,ENSMUST00000195989.1,23611,ENSMUSG00000106183,Mir101c,microRNA 101c
chr9,3011431,3015132,3702,*,2014_NAT_IMMUNOL_Kurachi___IgG-invitro-d3-CD8_peak_101f,691,.,3.77439,78.45686,69.1431,2776,"Exon (ENSMUST00000143083.2/ENSMUST00000143083.2, exon 1 of 4)",9,3038669,3038743,75,2,100628572,ENSMUST00000195989.1,23611,ENSMUSG00000106183,Mir101c,microRNA 101c
chr9,3011431,3015132,3702,*,2014_NAT_IMMUNOL_Kurachi___IgG-invitro-d3-CD8_peak_101g,495,.,3.2624,55.31228,49.53201,3397,"Exon (ENSMUST00000143083.2/ENSMUST00000143083.2, exon 1 of 4)",9,3038669,3038743,75,2,100628572,ENSMUST00000195989.1,23611,ENSMUSG00000106183,Mir101c,microRNA 101c
chr9,3015878,3016742,865,*,2014_NAT_IMMUNOL_Kurachi___IgG-invitro-d3-CD8_peak_102a,646,.,3.62033,71.55962,64.60735,199,"Exon (ENSMUST00000099050.3/ENSMUST00000099050.3, exon 3 of 5)",9,3038669,3038743,75,2,100628572,ENSMUST00000195989.1,22001,ENSMUSG00000106183,Mir101c,microRNA 101c
chr9,3015878,3016742,865,*,2014_NAT_IMMUNOL_Kurachi___IgG-invitro-d3-CD8_peak_102b,507,.,3.32916,56.65188,50.79519,697,"Exon (ENSMUST00000099050.3/ENSMUST00000099050.3, exon 3 of 5)",9,3038669,3038743,75,2,100628572,ENSMUST00000195989.1,22001,ENSMUSG00000106183,Mir101c,microRNA 101c
chr9,3016982,3017369,388,*,2014_NAT_IMMUNOL_Kurachi___IgG-invitro-d3-CD8_peak_103,559,.,3.40209,62.16872,55.92793,156,"Exon (ENSMUST00000099050.3/ENSMUST00000099050.3, exon 4 of 5)",9,3038669,3038743,75,2,100628572,ENSMUST00000195989.1,21374,ENSMUSG00000106183,Mir101c,microRNA 101c
chr9,3017680,3018220,541,*,2014_NAT_IMMUNOL_Kurachi___IgG-invitro-d3-CD8_peak_104,641,.,3.61896,71.03532,64.12296,300,"Exon (ENSMUST00000099049.3/ENSMUST00000099049.3, exon 3 of 4)",9,3038669,3038743,75,2,100628572,ENSMUST00000195989.1,20523,ENSMUSG00000106183,Mir101c,microRNA 101c
chr9,3018881,3019204,324,*,2014_NAT_IMMUNOL_Kurachi___IgG-invitro-d3-CD8_peak_105,485,.,3.27353,54.28806,48.55759,160,"Exon (ENSMUST00000099049.3/ENSMUST00000099049.3, exon 4 of 4)",9,3038669,3038743,75,2,100628572,ENSMUST00000195989.1,19539,ENSMUSG00000106183,Mir101c,microRNA 101c
chr9,3019501,3021167,1667,*,2014_NAT_IMMUNOL_Kurachi___IgG-invitro-d3-CD8_peak_106a,520,.,3.32791,57.93827,52.00075,430,"Exon (ENSMUST00000179272.1/ENSMUST00000179272.1, exon 3 of 5)",9,3038669,3038743,75,2,100628572,ENSMUST00000195989.1,17576,ENSMUSG00000106183,Mir101c,microRNA 101c
chr9,3019501,3021167,1667,*,2014_NAT_IMMUNOL_Kurachi___IgG-invitro-d3-CD8_peak_106b,473,.,3.3036,53.02163,47.35123,686,"Exon (ENSMUST00000179272.1/ENSMUST00000179272.1, exon 3 of 5)",9,3038669,3038743,75,2,100628572,ENSMUST00000195989.1,17576,ENSMUSG00000106183,Mir101c,microRNA 101c
chr9,3019501,3021167,1667,*,2014_NAT_IMMUNOL_Kurachi___IgG-invitro-d3-CD8_peak_106c,584,.,3.46628,64.88316,58.45972,1069,"Exon (ENSMUST00000179272.1/ENSMUST00000179272.1, exon 3 of 5)",9,3038669,3038743,75,2,100628572,ENSMUST00000195989.1,17576,ENSMUSG00000106183,Mir101c,microRNA 101c
chr9,3019501,3021167,1667,*,2014_NAT_IMMUNOL_Kurachi___IgG-invitro-d3-CD8_peak_106d,686,.,3.72304,76.13378,68.60291,1462,"Exon (ENSMUST00000179272.1/ENSMUST00000179272.1, exon 3 of 5)",9,3038669,3038743,75,2,100628572,ENSMUST00000195989.1,17576,ENSMUSG00000106183,Mir101c,microRNA 101c
chr9,3021399,3021963,565,*,2014_NAT_IMMUNOL_Kurachi___IgG-invitro-d3-CD8_peak_107,525,.,3.40231,58.55935,52.57777,203,"Exon (ENSMUST00000099047.3/ENSMUST00000099047.3, exon 5 of 5)",9,3038669,3038743,75,2,100628572,ENSMUST00000195989.1,16780,ENSMUSG00000106183,Mir101c,microRNA 101c
chr9,3022326,3024671,2346,*,2014_NAT_IMMUNOL_Kurachi___IgG-invitro-d3-CD8_peak_108a,375,.,2.9972,42.92063,37.59038,216,"Exon (ENSMUST00000099046.3/ENSMUST00000099046.3, exon 1 of 5)",9,3038669,3038743,75,2,100628572,ENSMUST00000195989.1,14072,ENSMUSG00000106183,Mir101c,microRNA 101c
chr9,3022326,3024671,2346,*,2014_NAT_IMMUNOL_Kurachi___IgG-invitro-d3-CD8_peak_108b,443,.,3.2189,49.89393,44.35004,627,"Exon (ENSMUST00000099046.3/ENSMUST00000099046.3, exon 1 of 5)",9,3038669,3038743,75,2,100628572,ENSMUST00000195989.1,14072,ENSMUSG00000106183,Mir101c,microRNA 101c
chr9,3022326,3024671,2346,*,2014_NAT_IMMUNOL_Kurachi___IgG-invitro-d3-CD8_peak_108c,691,.,3.74871,77.29236,69.1431,1252,"Exon (ENSMUST00000099046.3/ENSMUST00000099046.3, exon 1 of 5)",9,3038669,3038743,75,2,100628572,ENSMUST00000195989.1,14072,ENSMUSG00000106183,Mir101c,microRNA 101c
chr9,3022326,3024671,2346,*,2014_NAT_IMMUNOL_Kurachi___IgG-invitro-d3-CD8_peak_108d,656,.,3.64601,72.69411,65.63283,1857,"Exon (ENSMUST00000099046.3/ENSMUST00000099046.3, exon 1 of 5)",9,3038669,3038743,75,2,100628572,ENSMUST00000195989.1,14072,ENSMUSG00000106183,Mir101c,microRNA 101c
chr9,3022326,3024671,2346,*,2014_NAT_IMMUNOL_Kurachi___IgG-invitro-d3-CD8_peak_108e,681,.,3.7102,75.55676,68.16503,2175,"Exon (ENSMUST00000099046.3/ENSMUST00000099046.3, exon 1 of 5)",9,3038669,3038743,75,2,100628572,ENSMUST00000195989.1,14072,ENSMUSG00000106183,Mir101c,microRNA 101c
chr9,3024941,3025315,375,*,2014_NAT_IMMUNOL_Kurachi___IgG-invitro-d3-CD8_peak_109,654,.,3.64541,72.4319,65.40873,179,"Exon (ENSMUST00000099046.3/ENSMUST00000099046.3, exon 5 of 5)",9,3038669,3038743,75,2,100628572,ENSMUST00000195989.1,13428,ENSMUSG00000106183,Mir101c,microRNA 101c
chr9,3025679,3026532,854,*,2014_NAT_IMMUNOL_Kurachi___IgG-invitro-d3-CD8_peak_110a,625,.,3.56898,69.30917,62.57825,192,"Exon (ENSMUST00000075573.6/ENSMUST00000075573.6, exon 1 of 3)",9,3038669,3038743,75,2,100628572,ENSMUST00000195989.1,12211,ENSMUSG00000106183,Mir101c,microRNA 101c
chr9,3025679,3026532,854,*,2014_NAT_IMMUNOL_Kurachi___IgG-invitro-d3-CD8_peak_110b,416,.,3.09326,47.13787,41.68599,679,"Exon (ENSMUST00000075573.6/ENSMUST00000075573.6, exon 1 of 3)",9,3038669,3038743,75,2,100628572,ENSMUST00000195989.1,12211,ENSMUSG00000106183,Mir101c,microRNA 101c
chr9,3027289,3027676,388,*,2014_NAT_IMMUNOL_Kurachi___IgG-invitro-d3-CD8_peak_111,407,.,3.06612,46.14531,40.7244,240,"Exon (ENSMUST00000177601.1/ENSMUST00000177601.1, exon 3 of 5)",9,3038669,3038743,75,2,100628572,ENSMUST00000195989.1,11067,ENSMUSG00000106183,Mir101c,microRNA 101c
chr9,3027912,3028689,778,*,2014_NAT_IMMUNOL_Kurachi___IgG-invitro-d3-CD8_peak_112a,493,.,3.29862,55.07772,49.31026,211,"Exon (ENSMUST00000177601.1/ENSMUST00000177601.1, exon 4 of 5)",9,3038669,3038743,75,2,100628572,ENSMUST00000195989.1,10054,ENSMUSG00000106183,Mir101c,microRNA 101c
chr9,3027912,3028689,778,*,2014_NAT_IMMUNOL_Kurachi___IgG-invitro-d3-CD8_peak_112b,542,.,3.52396,60.37368,54.26291,615,"Exon (ENSMUST00000177601.1/ENSMUST00000177601.1, exon 4 of 5)",9,3038669,3038743,75,2,100628572,ENSMUST00000195989.1,10054,ENSMUSG00000106183,Mir101c,microRNA 101c
chr9,3028904,3030028,1125,*,2014_NAT_IMMUNOL_Kurachi___IgG-invitro-d3-CD8_peak_113a,365,.,3.00922,41.85238,36.54735,132,"Exon (ENSMUST00000177875.7/ENSMUST00000177875.7, exon 3 of 5)",9,3038669,3038743,75,2,100628572,ENSMUST00000195989.1,8715,ENSMUSG00000106183,Mir101c,microRNA 101c
chr9,3028904,3030028,1125,*,2014_NAT_IMMUNOL_Kurachi___IgG-invitro-d3-CD8_peak_113b,498,.,3.38507,55.6951,49.89301,565,"Exon (ENSMUST00000177875.7/ENSMUST00000177875.7, exon 3 of 5)",9,3038669,3038743,75,2,100628572,ENSMUST00000195989.1,8715,ENSMUSG00000106183,Mir101c,microRNA 101c
chr9,3028904,3030028,1125,*,2014_NAT_IMMUNOL_Kurachi___IgG-invitro-d3-CD8_peak_113c,534,.,3.35731,59.52019,53.47248,862,"Exon (ENSMUST00000177875.7/ENSMUST00000177875.7, exon 3 of 5)",9,3038669,3038743,75,2,100628572,ENSMUST00000195989.1,8715,ENSMUSG00000106183,Mir101c,microRNA 101c
chr9,3030364,3031919,1556,*,2014_NAT_IMMUNOL_Kurachi___IgG-invitro-d3-CD8_peak_114a,580,.,3.51816,64.49834,58.09745,268,"Exon (ENSMUST00000099051.10/ENSMUST00000099051.10, exon 3 of 5)",9,3038669,3038743,75,2,100628572,ENSMUST00000195989.1,6824,ENSMUSG00000106183,Mir101c,microRNA 101c
chr9,3030364,3031919,1556,*,2014_NAT_IMMUNOL_Kurachi___IgG-invitro-d3-CD8_peak_114b,473,.,3.24455,52.9885,47.32188,923,"Exon (ENSMUST00000099051.10/ENSMUST00000099051.10, exon 3 of 5)",9,3038669,3038743,75,2,100628572,ENSMUST00000195989.1,6824,ENSMUSG00000106183,Mir101c,microRNA 101c
chr9,3030364,3031919,1556,*,2014_NAT_IMMUNOL_Kurachi___IgG-invitro-d3-CD8_peak_114c,577,.,3.48397,64.15118,57.76789,1376,"Exon (ENSMUST00000099051.10/ENSMUST00000099051.10, exon 3 of 5)",9,3038669,3038743,75,2,100628572,ENSMUST00000195989.1,6824,ENSMUSG00000106183,Mir101c,microRNA 101c
chr9,3032785,3034088,1304,*,2014_NAT_IMMUNOL_Kurachi___IgG-invitro-d3-CD8_peak_115a,278,.,2.8947600000000002,33.03286,27.89821,108,Promoter (4-5kb),9,3038669,3038743,75,2,100628572,ENSMUST00000195989.1,4655,ENSMUSG00000106183,Mir101c,microRNA 101c
chr9,3032785,3034088,1304,*,2014_NAT_IMMUNOL_Kurachi___IgG-invitro-d3-CD8_peak_115b,534,.,3.34754,59.5071,53.46074,416,Promoter (4-5kb),9,3038669,3038743,75,2,100628572,ENSMUST00000195989.1,4655,ENSMUSG00000106183,Mir101c,microRNA 101c
chr9,3032785,3034088,1304,*,2014_NAT_IMMUNOL_Kurachi___IgG-invitro-d3-CD8_peak_115c,357,.,3.03399,41.02237,35.73804,688,Promoter (4-5kb),9,3038669,3038743,75,2,100628572,ENSMUST00000195989.1,4655,ENSMUSG00000106183,Mir101c,microRNA 101c
chr9,3032785,3034088,1304,*,2014_NAT_IMMUNOL_Kurachi___IgG-invitro-d3-CD8_peak_115d,547,.,3.39489,60.86707,54.71733,1047,Promoter (4-5kb),9,3038669,3038743,75,2,100628572,ENSMUST00000195989.1,4655,ENSMUSG00000106183,Mir101c,microRNA 101c
chr9,3034308,3034949,642,*,2014_NAT_IMMUNOL_Kurachi___IgG-invitro-d3-CD8_peak_116a,500,.,3.24803,55.82178,50.0144,152,Promoter (3-4kb),9,3038669,3038743,75,2,100628572,ENSMUST00000195989.1,3794,ENSMUSG00000106183,Mir101c,microRNA 101c
chr9,3034308,3034949,642,*,2014_NAT_IMMUNOL_Kurachi___IgG-invitro-d3-CD8_peak_116b,459,.,3.40457,51.59913,45.99251,462,Promoter (3-4kb),9,3038669,3038743,75,2,100628572,ENSMUST00000195989.1,3794,ENSMUSG00000106183,Mir101c,microRNA 101c
chr9,3035143,3035600,458,*,2014_NAT_IMMUNOL_Kurachi___IgG-invitro-d3-CD8_peak_117,383,.,3.20193,43.70957,38.35853,207,Promoter (3-4kb),9,3038669,3038743,75,2,100628572,ENSMUST00000195989.1,3143,ENSMUSG00000106183,Mir101c,microRNA 101c
chr9,3036654,3037264,611,*,2014_NAT_IMMUNOL_Kurachi___IgG-invitro-d3-CD8_peak_118a,373,.,3.11934,42.71652,37.39076,179,Promoter (1-2kb),9,3038669,3038743,75,2,100628572,ENSMUST00000195989.1,1479,ENSMUSG00000106183,Mir101c,microRNA 101c
chr9,3036654,3037264,611,*,2014_NAT_IMMUNOL_Kurachi___IgG-invitro-d3-CD8_peak_118b,344,.,2.92573,39.74568,34.48871,460,Promoter (1-2kb),9,3038669,3038743,75,2,100628572,ENSMUST00000195989.1,1479,ENSMUSG00000106183,Mir101c,microRNA 101c
chr9,3037482,3037948,467,*,2014_NAT_IMMUNOL_Kurachi___IgG-invitro-d3-CD8_peak_119,321,.,3.02512,37.40587,32.19746,291,Promoter (<=1kb),9,3038669,3038743,75,2,100628572,ENSMUST00000195989.1,795,ENSMUSG00000106183,Mir101c,microRNA 101c
chr9,95425853,95426104,252,*,2014_NAT_IMMUNOL_Kurachi___IgG-invitro-d3-CD8_peak_120,61,.,2.24873,10.98244,6.11984,143,"Exon (ENSMUST00000190263.1/ENSMUST00000190263.1, exon 1 of 2)",9,95399292,95406722,7431,2,54371,ENSMUST00000036267.7,-19131,ENSMUSG00000033350,Chst2,carbohydrate sulfotransferase 2
chr9,115350754,115351000,247,*,2014_NAT_IMMUNOL_Kurachi___IgG-invitro-d3-CD8_peak_121,85,.,2.57422,13.45818,8.56081,139,Distal Intergenic,9,115381819,115381939,121,1,100316675,ENSMUST00000116759.1,-30819,ENSMUSG00000080409,Mir467h,microRNA 467h
chr9,123461894,123462071,178,*,2014_NAT_IMMUNOL_Kurachi___IgG-invitro-d3-CD8_peak_122,29,.,1.83613,7.72091,2.92954,123,3' UTR,9,123454790,123461899,7110,1,102436,ENSMUST00000215087.1,7104,ENSMUSG00000035202,Lars2,"leucyl-tRNA synthetase, mitochondrial"
chr9,124256649,124256880,232,*,2014_NAT_IMMUNOL_Kurachi___IgG-invitro-d3-CD8_peak_123,18,.,1.78052,6.61618,1.86255,69,Distal Intergenic,9,124293831,124311899,18069,2,630836,ENSMUST00000189915.6,55019,ENSMUSG00000074829,2010315B03Rik,RIKEN cDNA 2010315B03 gene
chrX,76598787,76599181,395,*,2014_NAT_IMMUNOL_Kurachi___IgG-invitro-d3-CD8_peak_169,239,.,2.6454,29.01532,23.94283,227,Promoter (3-4kb),20,76582610,76602924,20315,2,74987,ENSMUST00000114054.1,3743,ENSMUSG00000079525,Cldn34d,claudin 34D
chrX,143482922,143483196,275,*,2014_NAT_IMMUNOL_Kurachi___IgG-invitro-d3-CD8_peak_170,203,.,3.11039,25.39089,20.36654,135,Distal Intergenic,20,143518591,143797792,279202,1,18481,ENSMUST00000033640.13,-35395,ENSMUSG00000031284,Pak3,p21 (RAC1) activated kinase 3
chrX,170758174,170758534,361,*,2014_NAT_IMMUNOL_Kurachi___IgG-invitro-d3-CD8_peak_171,326,.,2.81904,37.84478,32.62768,178,Distal Intergenic,20,170672644,170678054,5411,1,107626,ENSMUST00000178693.1,85530,ENSMUSG00000093806,Asmt,acetylserotonin O-methyltransferase
chrX,170881004,170881288,285,*,2014_NAT_IMMUNOL_Kurachi___IgG-invitro-d3-CD8_peak_172,87,.,2.09462,13.6212,8.72131,142,Distal Intergenic,20,170672644,170678054,5411,1,107626,ENSMUST00000178693.1,208360,ENSMUSG00000093806,Asmt,acetylserotonin O-methyltransferase
chrY,4036550,4036805,256,*,2014_NAT_IMMUNOL_Kurachi___IgG-invitro-d3-CD8_peak_173,93,.,2.52396,14.29279,9.3857,130,Distal Intergenic,21,3774805,3782910,8106,1,100041505,ENSMUST00000180202.1,261745,ENSMUSG00000096520,Gm3376,predicted gene 3376
